id;subreddit;probability;prediction;prediction_label
7yr0ep;gameofthrones;[1.0, 0.0];0.0;gameofthrones
7yqr0o;datascience;[0.11956521739130435, 0.8804347826086957];1.0;datascience
7yqfm3;datascience;[0.0, 1.0];1.0;datascience
7yq7zg;gameofthrones;[1.0, 0.0];0.0;gameofthrones
7yq6f9;datascience;[0.0, 1.0];1.0;datascience
7ypqjt;gameofthrones;[1.0, 0.0];0.0;gameofthrones
7ypncv;datascience;[0.0, 1.0];1.0;datascience
7ypiq9;datascience;[0.0, 1.0];1.0;datascience
7yp7y3;datascience;[0.11956521739130435, 0.8804347826086957];1.0;datascience
7yoqg7;datascience;[0.0, 1.0];1.0;datascience
7yoc85;gameofthrones;[1.0, 0.0];0.0;gameofthrones
7yo7e3;gameofthrones;[1.0, 0.0];0.0;gameofthrones
7yntp4;gameofthrones;[1.0, 0.0];0.0;gameofthrones
7ynt4e;gameofthrones;[0.9642857142857143, 0.03571428571428571];0.0;gameofthrones
7ymt6f;datascience;[0.0, 1.0];1.0;datascience
7yml6j;gameofthrones;[0.9642857142857143, 0.03571428571428571];0.0;gameofthrones
7ymkvg;datascience;[0.0, 1.0];1.0;datascience
7ym1m9;gameofthrones;[0.9642857142857143, 0.03571428571428571];0.0;gameofthrones
7yle5s;datascience;[0.0, 1.0];1.0;datascience
7yldul;datascience;[0.0, 1.0];1.0;datascience
7ykfum;gameofthrones;[1.0, 0.0];0.0;gameofthrones
7ykd0s;datascience;[0.0, 1.0];1.0;datascience
7yk2ml;gameofthrones;[0.0, 1.0];1.0;datascience
7yjtjo;gameofthrones;[0.9642857142857143, 0.03571428571428571];0.0;gameofthrones
7yjpcm;datascience;[0.0, 1.0];1.0;datascience
7yji9s;datascience;[0.0, 1.0];1.0;datascience
7yj9jb;gameofthrones;[1.0, 0.0];0.0;gameofthrones
7yj95c;gameofthrones;[1.0, 0.0];0.0;gameofthrones
7yirrw;datascience;[0.11956521739130435, 0.8804347826086957];1.0;datascience
7yiq17;datascience;[0.0, 1.0];1.0;datascience
7yij98;gameofthrones;[1.0, 0.0];0.0;gameofthrones
7yigxr;datascience;[0.0, 1.0];1.0;datascience
